,Happy,Angry,Disgusted
Happy,1.0,-0.531262000436799,-0.4806170073026947
Angry,-0.531262000436799,1.0,-0.4876087076912118
Disgusted,-0.4806170073026947,-0.4876087076912118,1.0
