,Happy,Angry,Disgusted,HandRaised,Sleep,HeadGaze,Engagement
count,3000.0,3000.0,3000.0,3000.0,3000.0,3000.0,3000.0
mean,0.3374380544081694,0.3370126294739242,0.32554931611790644,0.4836666666666667,0.19833333333333333,1.3156666666666668,2.6963333333333335
std,0.23868201701303235,0.2397395589805683,0.2316137332507501,0.49981646070034336,0.39881103165352016,0.7604038139100556,1.4797014544676481
min,0.00025575466616123855,0.00025622318620173044,8.585254055054191e-05,0.0,0.0,0.0,1.0
25%,0.13410309693998404,0.13044187045892106,0.13325039483380596,0.0,0.0,1.0,1.0
50%,0.2945799628315646,0.29060392001443536,0.282055775562823,0.0,0.0,1.0,3.0
75%,0.5108868237683823,0.5061904193277835,0.482811467710336,1.0,0.0,2.0,4.0
max,0.989051761607953,0.9869080389600514,0.9949277319723364,1.0,1.0,2.0,5.0
