,Happy,Angry,Disgusted
Happy,1.0,-0.4776904216056673,-0.5158066242839515
Angry,-0.4776904216056673,1.0,-0.5062436839767103
Disgusted,-0.5158066242839515,-0.5062436839767103,1.0
