,Happy,Angry,Disgusted,HandRaised,Sleep,HeadGaze,Engagement
count,1889.0,1889.0,1889.0,1889.0,1889.0,1889.0,1889.0
mean,0.33168868488566705,0.3234036773305907,0.3449076377837423,0.4859714134462679,0.18316569613552144,1.304923239809423,1.7040762308099524
std,0.20854865884686188,0.2071737713557415,0.21245119295322487,0.499935505616071,0.3869047294490973,0.7529476728327433,0.7505572128618884
min,0.00025757767963524055,0.00035170133036762177,8.391436602039637e-05,0.0,0.0,0.0,1.0
25%,0.1590527859012597,0.15486576226582946,0.16179585635898852,0.0,0.0,1.0,1.0
50%,0.30430053515203026,0.2962573504986658,0.3182446573341452,0.0,0.0,1.0,2.0
75%,0.4884395010723504,0.471155090809961,0.5089119956703622,1.0,0.0,2.0,2.0
max,0.7982692440593784,0.7989368042027442,0.7996258396420503,1.0,1.0,2.0,3.0
